{
	"class_name" : "PinholeCameraParameters",
	"extrinsic" : 
	[
		0.047040370683783257,
		0.26709182877181015,
		-0.96252228988697319,
		0.0,
		0.80147743239261737,
		-0.58519365536762658,
		-0.12321652114393217,
		0.0,
		-0.5961720631590095,
		-0.765643742690297,
		-0.24159579960737027,
		0.0,
		0.011198472806441734,
		0.038347073173208422,
		0.21657783289509866,
		1.0
	],
	"intrinsic" : 
	{
		"height" : 768,
		"intrinsic_matrix" : 
		[
			665.1075101064489,
			0.0,
			0.0,
			0.0,
			665.1075101064489,
			0.0,
			511.5,
			383.5,
			1.0
		],
		"width" : 1024
	},
	"version_major" : 1,
	"version_minor" : 0
}