{
	"class_name" : "PinholeCameraParameters",
	"extrinsic" : 
	[
		0.98777154953710167,
		0.090124605180605666,
		0.12721997274843688,
		0.0,
		0.034481350248996463,
		-0.92206942246365098,
		0.38548542987064432,
		0.0,
		0.15204736896796048,
		-0.37638482394829548,
		-0.91390156028498593,
		0.0,
		-0.0039451747967316694,
		0.024473673944516161,
		0.43015080007297762,
		1.0
	],
	"intrinsic" : 
	{
		"height" : 768,
		"intrinsic_matrix" : 
		[
			665.1075101064489,
			0.0,
			0.0,
			0.0,
			665.1075101064489,
			0.0,
			511.5,
			383.5,
			1.0
		],
		"width" : 1024
	},
	"version_major" : 1,
	"version_minor" : 0
}